trial_id,image_id,condition,concreteness,map_pcc,word_importance_pcc,importance_concatenate_pcc,word_rank_pcc,rank_concatenate_pcc
matched_abs_COCO_val2014_000000057495.jpg,val2014/COCO_val2014_000000057495.jpg,abs,2.635,0.20292835938665135,0.5221987436122578,0.2029989004319776,0.23636363636363644,0.20292680895008275
matched_con_COCO_val2014_000000057495.jpg,val2014/COCO_val2014_000000057495.jpg,con,4.417142857142857,0.08490027413172388,0.11923129908108321,0.08497610788270461,-0.26363636363636356,0.08489842580589094
matched_abs_COCO_val2014_000000314426.jpg,val2014/COCO_val2014_000000314426.jpg,abs,3.216666666666667,0.5214265746835306,0.3086613778202673,0.5214217871118444,0.5272727272727272,0.5214247824609637
matched_con_COCO_val2014_000000314426.jpg,val2014/COCO_val2014_000000314426.jpg,con,4.78,0.6120448349581092,0.4815215207342455,0.6120661427217607,0.36969696969696964,0.612042480836525
matched_abs_COCO_val2014_000000540159.jpg,val2014/COCO_val2014_000000540159.jpg,abs,3.28,-0.011490019904463848,-0.019161917763493755,-0.011453984131375152,0.06666666666666665,-0.01148653604090105
matched_con_COCO_val2014_000000540159.jpg,val2014/COCO_val2014_000000540159.jpg,con,4.785714285714286,0.22062852196871335,0.37817310463538445,0.22079394545605116,0.3272727272727271,0.22062984302887248
matched_abs_COCO_val2014_000000480407.jpg,val2014/COCO_val2014_000000480407.jpg,abs,3.4483333333333333,-0.10214011183463345,0.22717133165771075,-0.10200011643972634,0.2166666666666667,-0.10213927500259862
matched_con_COCO_val2014_000000480407.jpg,val2014/COCO_val2014_000000480407.jpg,con,4.864,-0.1307312861064584,0.06374314807382413,-0.1306302911854879,0.5238095238095238,-0.13072750652856555
matched_abs_COCO_val2014_000000020459.jpg,val2014/COCO_val2014_000000020459.jpg,abs,3.0557142857142856,0.2806982186372805,0.6141476373851955,0.28082455882666635,0.6904761904761905,0.2807013795049871
matched_con_COCO_val2014_000000020459.jpg,val2014/COCO_val2014_000000020459.jpg,con,4.37,0.45259260875028984,0.29514094525635676,0.4526021042659156,0.5833333333333333,0.4525930106328297
matched_abs_COCO_val2014_000000050352.jpg,val2014/COCO_val2014_000000050352.jpg,abs,3.36,0.5691482581598752,-0.055949539866187475,0.5690945953853415,0.03214285714285711,0.5691470627635503
matched_con_COCO_val2014_000000050352.jpg,val2014/COCO_val2014_000000050352.jpg,con,4.646,0.37948622629031986,0.45355140647332864,0.3795521543513383,0.23333333333333328,0.37948697374978174
matched_abs_COCO_val2014_000000390137.jpg,val2014/COCO_val2014_000000390137.jpg,abs,3.112,0.16538899414833635,0.4871722500449744,0.16550714963455126,0.3818181818181817,0.16539170782179188
matched_con_COCO_val2014_000000390137.jpg,val2014/COCO_val2014_000000390137.jpg,con,4.383333333333333,0.32725925643437276,0.36918787203489095,0.3273284182602592,-0.11666666666666667,0.3272521810575978
matched_abs_COCO_val2014_000000468277.jpg,val2014/COCO_val2014_000000468277.jpg,abs,3.61875,0.6082782006757999,0.34344156676269527,0.6082831664155156,0.5636363636363636,0.6082778301427201
matched_con_COCO_val2014_000000468277.jpg,val2014/COCO_val2014_000000468277.jpg,con,4.848,0.507113293445255,0.3482561807535969,0.5071353993152131,0.4666666666666666,0.5071128278570061
matched_abs_COCO_val2014_000000425898.jpg,val2014/COCO_val2014_000000425898.jpg,abs,3.1999999999999997,0.6120147796259616,0.04310898439021694,0.6119703629870324,0.04545454545454542,0.6120124594840383
matched_con_COCO_val2014_000000425898.jpg,val2014/COCO_val2014_000000425898.jpg,con,4.4239999999999995,0.2890800936239821,-0.03920930050154269,0.2890722218335145,0.11515151515151523,0.2890793247142601
matched_abs_COCO_val2014_000000369221.jpg,val2014/COCO_val2014_000000369221.jpg,abs,3.065,0.5029229368970032,0.45314739022071393,0.5029558135312181,0.5833333333333335,0.5029252337319954
matched_con_COCO_val2014_000000369221.jpg,val2014/COCO_val2014_000000369221.jpg,con,4.272,0.15034894871878682,0.2948235108405027,0.15042545258037213,0.41666666666666663,0.15034970418102653
matched_abs_COCO_val2014_000000147030.jpg,val2014/COCO_val2014_000000147030.jpg,abs,3.1875,0.025267298024319405,0.582159461634151,0.025380575294812247,0.5545454545454543,0.025269019494862717
matched_con_COCO_val2014_000000147030.jpg,val2014/COCO_val2014_000000147030.jpg,con,4.373333333333333,-0.09950028348347023,-0.15041693618245253,-0.09948266969747639,-0.016666666666666666,-0.09949956256753577
matched_abs_COCO_val2014_000000487421.jpg,val2014/COCO_val2014_000000487421.jpg,abs,3.638571428571429,-0.17101705848074442,0.2809176877377667,-0.170789309951112,0.35757575757575766,-0.1710142522093993
matched_con_COCO_val2014_000000487421.jpg,val2014/COCO_val2014_000000487421.jpg,con,4.824285714285714,-0.060466827228799806,0.20761612732935666,-0.06041325570713155,0.28484848484848485,-0.06045857043869898
matched_abs_COCO_val2014_000000198154.jpg,val2014/COCO_val2014_000000198154.jpg,abs,3.242,0.10393958302949984,0.6538641457297569,0.10399352258527735,0.3333333333333332,0.10394073104683291
matched_con_COCO_val2014_000000198154.jpg,val2014/COCO_val2014_000000198154.jpg,con,4.426666666666667,0.29031310502159546,0.1557099156491381,0.290330514459285,0.4303030303030302,0.2903159254167654
matched_abs_COCO_val2014_000000303944.jpg,val2014/COCO_val2014_000000303944.jpg,abs,3.32,0.28551322904915605,0.7904692023909667,0.28554710420362206,0.7575757575757577,0.28551317677498217
matched_con_COCO_val2014_000000303944.jpg,val2014/COCO_val2014_000000303944.jpg,con,4.5,0.3084081810582359,0.3550417554539591,0.3083243281465669,0.41818181818181815,0.30840690472578614
matched_abs_COCO_val2014_000000546203.jpg,val2014/COCO_val2014_000000546203.jpg,abs,3.18,0.2757518876494486,0.483431271708869,0.27580186083650515,0.5476190476190476,0.275753188721996
matched_con_COCO_val2014_000000546203.jpg,val2014/COCO_val2014_000000546203.jpg,con,4.358333333333333,0.31421360080924904,0.5709182202403803,0.3143001975900668,0.612121212121212,0.31421469313405126
matched_abs_COCO_val2014_000000308156.jpg,val2014/COCO_val2014_000000308156.jpg,abs,3.368,0.02455168401418856,0.5426244481176055,0.02466156107516483,0.4666666666666667,0.02455378341318328
matched_con_COCO_val2014_000000308156.jpg,val2014/COCO_val2014_000000308156.jpg,con,4.538571428571428,0.025636804746675016,0.08723677399697484,0.025683940672131256,0.23076923076923075,0.02564315874000565
matched_abs_COCO_val2014_000000515765.jpg,val2014/COCO_val2014_000000515765.jpg,abs,3.226,0.37674111259563825,0.03664574039880598,0.3767310751944637,0.5238095238095237,0.3767414024150849
matched_con_COCO_val2014_000000515765.jpg,val2014/COCO_val2014_000000515765.jpg,con,4.382,0.494498252087523,0.19816000952778431,0.49447687851189803,0.6363636363636364,0.49449873914358006
matched_abs_COCO_val2014_000000204311.jpg,val2014/COCO_val2014_000000204311.jpg,abs,3.622,0.2972716573556436,0.267852286311547,0.29725551740134,-0.30952380952380953,0.29726589389358377
matched_con_COCO_val2014_000000204311.jpg,val2014/COCO_val2014_000000204311.jpg,con,4.768,0.5577474155594059,0.6376857642287589,0.5577717301918086,0.5636363636363637,0.5577455078286699
matched_abs_COCO_val2014_000000024144.jpg,val2014/COCO_val2014_000000024144.jpg,abs,3.2800000000000002,-0.060128053709725446,-0.14208903122008965,-0.06012162857018112,0.10303030303030297,-0.06012825888712448
matched_con_COCO_val2014_000000024144.jpg,val2014/COCO_val2014_000000024144.jpg,con,4.42,-0.12763596050961176,0.37180795356438956,-0.12757260786038474,0.5666666666666665,-0.1276345236711553
matched_abs_COCO_val2014_000000117064.jpg,val2014/COCO_val2014_000000117064.jpg,abs,3.381666666666667,0.6066017822892494,0.26709221915328496,0.6066018461938749,0.5166666666666666,0.6066016628771937
matched_con_COCO_val2014_000000117064.jpg,val2014/COCO_val2014_000000117064.jpg,con,4.514,0.7027618640723988,0.5609997361424333,0.7027291264028155,0.5,0.7027607998559603
matched_abs_COCO_val2014_000000497501.jpg,val2014/COCO_val2014_000000497501.jpg,abs,3.5342857142857143,0.32846725977358116,0.6215102413764131,0.32854448666090874,0.5952380952380953,0.32846715920041214
matched_con_COCO_val2014_000000497501.jpg,val2014/COCO_val2014_000000497501.jpg,con,4.661666666666667,0.44859745501398013,0.5192527669328109,0.44866394756430006,0.5818181818181817,0.4485979232190502
matched_abs_COCO_val2014_000000003310.jpg,val2014/COCO_val2014_000000003310.jpg,abs,3.3771428571428572,0.6680242053737218,-0.3186413761436361,0.6679097413744968,0.1833333333333333,0.6680220263057817
matched_con_COCO_val2014_000000003310.jpg,val2014/COCO_val2014_000000003310.jpg,con,4.502,0.6842007564265356,0.26394677102009645,0.6841718137423054,0.5166666666666666,0.6841988687044489
matched_abs_COCO_val2014_000000345848.jpg,val2014/COCO_val2014_000000345848.jpg,abs,3.35375,0.21871810935276315,0.04971426612392048,0.21878555048064774,0.2833333333333334,0.2187185898402277
matched_con_COCO_val2014_000000345848.jpg,val2014/COCO_val2014_000000345848.jpg,con,4.475555555555555,0.10710056192688412,0.5311364140457654,0.10726003710132098,0.29090909090909095,0.10710265703798155
matched_abs_COCO_val2014_000000179273.jpg,val2014/COCO_val2014_000000179273.jpg,abs,3.6085714285714285,-0.07103340511745619,0.3811580956065606,-0.07093075608943193,0.4636363636363635,-0.071027089029702
matched_con_COCO_val2014_000000179273.jpg,val2014/COCO_val2014_000000179273.jpg,con,4.724,0.0076896799552455845,0.3886857759332544,0.00789163890293476,0.5166666666666666,0.007692239839012807
matched_abs_COCO_val2014_000000016546.jpg,val2014/COCO_val2014_000000016546.jpg,abs,3.2357142857142858,0.47864893378312623,0.05340327638931944,0.47858341449382985,-0.21666666666666665,0.47864621571754595
matched_con_COCO_val2014_000000016546.jpg,val2014/COCO_val2014_000000016546.jpg,con,4.347142857142857,0.4468922351013194,0.09598379280043771,0.44689774790667186,0.23636363636363636,0.44689037689138483
matched_abs_COCO_val2014_000000391539.jpg,val2014/COCO_val2014_000000391539.jpg,abs,3.3775,0.16910685489239916,0.5538282642691805,0.1691465050751313,0.3986013986013987,0.16911041862615797
matched_con_COCO_val2014_000000391539.jpg,val2014/COCO_val2014_000000391539.jpg,con,4.4879999999999995,0.18684714578580458,0.41543161794266825,0.186922012958481,0.28333333333333327,0.18684765870474446
matched_abs_COCO_val2014_000000561681.jpg,val2014/COCO_val2014_000000561681.jpg,abs,3.4833333333333334,-0.30872089812593145,0.3392877200788046,-0.3086101799500246,0.43030303030303024,-0.3087161781045484
matched_con_COCO_val2014_000000561681.jpg,val2014/COCO_val2014_000000561681.jpg,con,4.584,-0.2511350462760683,0.32313623128809865,-0.25094350075396216,0.19047619047619052,-0.25113392333787965
matched_abs_COCO_val2014_000000377326.jpg,val2014/COCO_val2014_000000377326.jpg,abs,3.564285714285714,0.536959724679779,0.5736565883536349,0.536916856849663,0.7333333333333333,0.536957465970259
matched_con_COCO_val2014_000000377326.jpg,val2014/COCO_val2014_000000377326.jpg,con,4.62,0.4785977448320266,0.45166788982586753,0.47861398591849796,0.5166666666666666,0.4785968657886999
matched_abs_COCO_val2014_000000576886.jpg,val2014/COCO_val2014_000000576886.jpg,abs,3.2683333333333335,0.45454035150677413,0.4991907686139043,0.4546169031538364,0.6904761904761905,0.45454197417665615
matched_con_COCO_val2014_000000576886.jpg,val2014/COCO_val2014_000000576886.jpg,con,4.32,-0.009230734723917777,0.10991161602005546,-0.009160029378770331,0.38095238095238104,-0.0092293249198877
matched_abs_COCO_val2014_000000083049.jpg,val2014/COCO_val2014_000000083049.jpg,abs,3.44375,0.4122177124998201,0.21637159659012958,0.4121882614898188,0.09090909090909087,0.41221524511203944
matched_con_COCO_val2014_000000083049.jpg,val2014/COCO_val2014_000000083049.jpg,con,4.485,0.46614690844829826,0.39224158444674095,0.46624476775465123,0.5333333333333333,0.46614903329186486
matched_abs_COCO_val2014_000000535253.jpg,val2014/COCO_val2014_000000535253.jpg,abs,3.4416666666666664,-0.22441349247653836,0.11895919801434608,-0.22430603168593669,0.3212121212121213,-0.2244121380404412
matched_con_COCO_val2014_000000535253.jpg,val2014/COCO_val2014_000000535253.jpg,con,4.4399999999999995,-0.23499675267138126,0.5456042681056699,-0.23487334631835496,0.49999999999999994,-0.23499461256100287
matched_abs_COCO_val2014_000000167205.jpg,val2014/COCO_val2014_000000167205.jpg,abs,3.6116666666666664,-0.196699384880946,-0.11928608733192987,-0.19659421413418368,-0.14999999999999994,-0.19669913737508346
matched_con_COCO_val2014_000000167205.jpg,val2014/COCO_val2014_000000167205.jpg,con,4.608333333333333,-0.1553894103877021,0.47683327435171796,-0.15517119379125277,0.6,-0.15538547557106364
matched_abs_COCO_val2014_000000554980.jpg,val2014/COCO_val2014_000000554980.jpg,abs,3.607142857142857,-0.10288600926948255,-0.2313727863587601,-0.10283472282585239,-0.14285714285714282,-0.10288531146184221
matched_con_COCO_val2014_000000554980.jpg,val2014/COCO_val2014_000000554980.jpg,con,4.601,0.26549233155221563,0.42270342076740663,0.2655199444776204,0.42807017543859643,0.2655097485361912
matched_abs_COCO_val2014_000000001340.jpg,val2014/COCO_val2014_000000001340.jpg,abs,3.3216666666666668,0.6669033959436554,0.5403200562392279,0.6668940534937962,0.653846153846154,0.666903131732755
matched_con_COCO_val2014_000000001340.jpg,val2014/COCO_val2014_000000001340.jpg,con,4.3133333333333335,0.6382483812892766,0.4904554027489496,0.6382740475614139,0.4666666666666667,0.6382483691325443
matched_abs_COCO_val2014_000000262092.jpg,val2014/COCO_val2014_000000262092.jpg,abs,3.36,0.33264792507842184,0.4523020927274888,0.33265994995600673,0.2857142857142857,0.3326472781177191
matched_con_COCO_val2014_000000262092.jpg,val2014/COCO_val2014_000000262092.jpg,con,4.34375,0.2589827308045512,0.027022574558647157,0.25895999619967075,0.3454545454545455,0.25898298625571603
matched_abs_COCO_val2014_000000031749.jpg,val2014/COCO_val2014_000000031749.jpg,abs,3.51,0.5253090210585867,0.07623153593265906,0.5252471350339997,0.11888111888111876,0.5253074345168001
matched_con_COCO_val2014_000000031749.jpg,val2014/COCO_val2014_000000031749.jpg,con,4.49,0.5033287968412481,0.409824351395373,0.5033295948047927,0.6166666666666666,0.503328492340557
matched_abs_COCO_val2014_000000274939.jpg,val2014/COCO_val2014_000000274939.jpg,abs,3.664285714285714,0.4495172071442613,0.47894047825305397,0.4495836340288632,0.5664335664335666,0.44951303895559963
matched_con_COCO_val2014_000000274939.jpg,val2014/COCO_val2014_000000274939.jpg,con,4.634,0.47934135295683944,0.5421813315465179,0.47926689042077364,0.4363636363636363,0.4793342057775965
matched_abs_COCO_val2014_000000154846.jpg,val2014/COCO_val2014_000000154846.jpg,abs,3.308333333333333,0.15072750367965745,0.03554844345860845,0.15076771799792185,0.36666666666666664,0.1507282085900158
matched_con_COCO_val2014_000000154846.jpg,val2014/COCO_val2014_000000154846.jpg,con,4.2700000000000005,0.11805491813997451,0.33244263049895156,0.11813586514835628,0.2857142857142857,0.11805586114778858
matched_abs_COCO_val2014_000000417339.jpg,val2014/COCO_val2014_000000417339.jpg,abs,3.37,0.5398505657307491,0.48540391976963926,0.5398842158039895,0.6727272727272728,0.5398512660660055
matched_con_COCO_val2014_000000417339.jpg,val2014/COCO_val2014_000000417339.jpg,con,4.33,0.2555129093988286,0.670311390858247,0.2555281320015149,0.6121212121212122,0.2555128800369591
matched_abs_COCO_val2014_000000492016.jpg,val2014/COCO_val2014_000000492016.jpg,abs,3.4575,0.39883542162276175,0.3463197101376618,0.398808398423333,0.4636363636363635,0.3988347626627183
matched_con_COCO_val2014_000000492016.jpg,val2014/COCO_val2014_000000492016.jpg,con,4.41125,0.4929301035032017,0.30753670990376397,0.49290279009295973,0.3696969696969697,0.492928184179315
matched_abs_COCO_val2014_000000232618.jpg,val2014/COCO_val2014_000000232618.jpg,abs,3.33,0.29228531073549835,0.4568483705274784,0.29226545325722186,0.5524475524475525,0.2922885588150645
matched_con_COCO_val2014_000000232618.jpg,val2014/COCO_val2014_000000232618.jpg,con,4.28,0.333823536695886,0.44288195289349463,0.33373106330883545,-0.1736263736263737,0.33383033555887
matched_abs_COCO_val2014_000000282790.jpg,val2014/COCO_val2014_000000282790.jpg,abs,3.4714285714285715,0.6218565483642935,0.7560593690467274,0.6218319902147742,0.7500000000000001,0.6218585160671011
matched_con_COCO_val2014_000000282790.jpg,val2014/COCO_val2014_000000282790.jpg,con,4.408333333333333,0.562783805243703,0.90684102202638,0.5628444215032672,0.6904761904761905,0.5627842403342732
matched_abs_COCO_val2014_000000121326.jpg,val2014/COCO_val2014_000000121326.jpg,abs,3.37125,0.3349764037493152,0.6458570566309318,0.3349624253002056,0.6363636363636364,0.33498118107560937
matched_con_COCO_val2014_000000121326.jpg,val2014/COCO_val2014_000000121326.jpg,con,4.276,0.4706497713612957,0.2680709275410342,0.4705793285420538,-0.09523809523809526,0.4706489667878404
matched_abs_COCO_val2014_000000422432.jpg,val2014/COCO_val2014_000000422432.jpg,abs,3.6037500000000002,0.503535908702436,0.5415206376279922,0.5035447413411384,0.4965034965034966,0.5035372544100076
matched_con_COCO_val2014_000000422432.jpg,val2014/COCO_val2014_000000422432.jpg,con,4.5,-0.11719962820220185,-0.20847299925755994,-0.11714591525806108,-0.3272727272727272,-0.11718081969564724
matched_abs_COCO_val2014_000000021764.jpg,val2014/COCO_val2014_000000021764.jpg,abs,3.51,0.22163696364434599,0.4539998651726046,0.22175774156268377,0.3833333333333334,0.22163718431823462
matched_con_COCO_val2014_000000021764.jpg,val2014/COCO_val2014_000000021764.jpg,con,4.4,0.23436740480198584,0.7989902019674618,0.23449544164257227,0.6904761904761905,0.23437113850531402
matched_abs_COCO_val2014_000000456483.jpg,val2014/COCO_val2014_000000456483.jpg,abs,3.4257142857142857,0.5137631718954705,0.8167181831826653,0.5138572054920059,0.7666666666666666,0.5137644522058481
matched_con_COCO_val2014_000000456483.jpg,val2014/COCO_val2014_000000456483.jpg,con,4.312,0.5063831210959682,0.800972911789359,0.506463208452922,0.7619047619047616,0.5063841234882132
matched_abs_COCO_val2014_000000149469.jpg,val2014/COCO_val2014_000000149469.jpg,abs,3.685,-0.055916943678090705,0.06388083135801229,-0.0558774835610509,0.3286713286713288,-0.05591628755262997
matched_con_COCO_val2014_000000149469.jpg,val2014/COCO_val2014_000000149469.jpg,con,4.5600000000000005,0.027683281914053212,0.9057457100652925,0.027852814394522418,0.9181818181818181,0.027685200345277407
matched_abs_COCO_val2014_000000107167.jpg,val2014/COCO_val2014_000000107167.jpg,abs,3.4085714285714284,0.2840079386633884,0.3368646960904441,0.28404449136456195,0.3696969696969697,0.284007044067215
matched_con_COCO_val2014_000000107167.jpg,val2014/COCO_val2014_000000107167.jpg,con,4.28,0.2684600771037201,0.8179737641918212,0.26849273273038243,0.4047619047619047,0.2684583597213377
matched_abs_COCO_val2014_000000414795.jpg,val2014/COCO_val2014_000000414795.jpg,abs,3.5955555555555554,0.01246611795970141,0.6390280848305413,0.012567027730429448,0.642857142857143,0.012480565660861873
matched_con_COCO_val2014_000000414795.jpg,val2014/COCO_val2014_000000414795.jpg,con,4.466,0.22616310411379822,0.36943186754139923,0.22615808914672167,0.4909090909090908,0.22616559006647355
matched_abs_COCO_val2014_000000207003.jpg,val2014/COCO_val2014_000000207003.jpg,abs,3.4557142857142855,0.2014460532970437,0.606378516719766,0.20157745670620378,0.6666666666666664,0.201447926001787
matched_con_COCO_val2014_000000207003.jpg,val2014/COCO_val2014_000000207003.jpg,con,4.3075,0.46222937036239564,0.4319116146661697,0.4622284941701641,0.2205882352941176,0.4622305443111672
matched_abs_COCO_val2014_000000329011.jpg,val2014/COCO_val2014_000000329011.jpg,abs,3.538,0.4785140703926131,0.3839988821697302,0.47849995931142386,0.3934065934065935,0.4785120766898738
matched_con_COCO_val2014_000000329011.jpg,val2014/COCO_val2014_000000329011.jpg,con,4.386,0.4923736457839658,0.5029294382546169,0.49238467819952686,0.5238095238095237,0.49237117596738184
matched_abs_COCO_val2014_000000504287.jpg,val2014/COCO_val2014_000000504287.jpg,abs,3.4811111111111113,0.6013158515669788,0.06295985081164927,0.6011163197019448,-0.02197802197802199,0.6013059907843038
matched_con_COCO_val2014_000000504287.jpg,val2014/COCO_val2014_000000504287.jpg,con,4.326666666666666,0.5192981317591656,0.25911992679972823,0.5192642391580612,-0.016666666666666614,0.5192893494655942
matched_abs_COCO_val2014_000000254990.jpg,val2014/COCO_val2014_000000254990.jpg,abs,3.563846153846154,0.42750384199350344,-0.11258235822337744,0.42749949528203113,2.2286094538431458e-17,0.4275038658184298
matched_con_COCO_val2014_000000254990.jpg,val2014/COCO_val2014_000000254990.jpg,con,4.378571428571429,0.6765458433249087,0.5860676575407168,0.676548932795763,0.4475524475524476,0.6765451607216331
matched_abs_COCO_val2014_000000460812.jpg,val2014/COCO_val2014_000000460812.jpg,abs,3.4716666666666667,0.25056640143290004,0.4380928267590412,0.25060838883407965,0.3333333333333333,0.2505669672913472
matched_con_COCO_val2014_000000460812.jpg,val2014/COCO_val2014_000000460812.jpg,con,4.285,0.19270193500109248,0.6887052205984256,0.19281848603947196,0.6,0.1927018105091012
matched_abs_COCO_val2014_000000397287.jpg,val2014/COCO_val2014_000000397287.jpg,abs,3.501666666666667,0.38601775186407467,0.3114312692536163,0.3860572412940482,0.45,0.3860181961437205
matched_con_COCO_val2014_000000397287.jpg,val2014/COCO_val2014_000000397287.jpg,con,4.31125,0.35899791323165214,0.4461672946849248,0.3590731453419735,0.41258741258741255,0.35899654389059127
matched_abs_COCO_val2014_000000351868.jpg,val2014/COCO_val2014_000000351868.jpg,abs,3.5655555555555556,0.43489307718278786,-0.05583868951790523,0.43486401791277113,0.41818181818181815,0.43489260689523684
matched_con_COCO_val2014_000000351868.jpg,val2014/COCO_val2014_000000351868.jpg,con,4.368571428571428,0.2065233440262352,0.28106576789862336,0.20659765297822708,0.14285714285714293,0.20652306865515305
matched_abs_COCO_val2014_000000103851.jpg,val2014/COCO_val2014_000000103851.jpg,abs,3.68,0.4571916852973336,0.4709305976980211,0.4572514728056047,0.05000000000000003,0.4571907791049122
matched_con_COCO_val2014_000000103851.jpg,val2014/COCO_val2014_000000103851.jpg,con,4.474,0.19539536993964055,0.45092354175821014,0.19550775020395206,0.10303030303030324,0.19539575109640572
matched_abs_COCO_val2014_000000466981.jpg,val2014/COCO_val2014_000000466981.jpg,abs,3.56625,0.01187324088748087,-0.4920773511029798,0.011846082906384553,-0.43030303030303024,0.0118704666457296
matched_con_COCO_val2014_000000466981.jpg,val2014/COCO_val2014_000000466981.jpg,con,4.36,0.24869544427427498,0.014293054824298237,0.24869635041558535,0.2636363636363636,0.2486911833508411
matched_abs_COCO_val2014_000000326550.jpg,val2014/COCO_val2014_000000326550.jpg,abs,3.585,0.25900639224575384,-0.013960175376806444,0.2589743519588112,0.39999999999999997,0.2590039267314082
matched_con_COCO_val2014_000000326550.jpg,val2014/COCO_val2014_000000326550.jpg,con,4.364285714285714,0.5022293422125133,0.6062004924746143,0.5022532432129811,0.13286713286713286,0.502228881718576
matched_abs_COCO_val2014_000000103017.jpg,val2014/COCO_val2014_000000103017.jpg,abs,3.575,-0.002457069666569489,0.19183172569112505,-0.0023834965225962667,0.13986013986013984,-0.0024587596386728885
matched_con_COCO_val2014_000000103017.jpg,val2014/COCO_val2014_000000103017.jpg,con,4.348333333333334,0.46156669556184016,0.5946918223854394,0.46164293422645786,0.5999999999999999,0.46156775157065943
matched_abs_COCO_val2014_000000256067.jpg,val2014/COCO_val2014_000000256067.jpg,abs,3.611428571428571,0.38322702951524334,0.3011586046244563,0.38323065663047223,0.3454545454545455,0.38322680785829033
matched_con_COCO_val2014_000000256067.jpg,val2014/COCO_val2014_000000256067.jpg,con,4.376666666666667,0.06313466646659105,0.3985193508182945,0.06315756969748605,0.33333333333333337,0.06313515293287315
matched_abs_COCO_val2014_000000305412.jpg,val2014/COCO_val2014_000000305412.jpg,abs,3.52,0.3118260887255584,0.04589065314844943,0.31180487942101,0.009090909090909089,0.31182341836613303
matched_con_COCO_val2014_000000305412.jpg,val2014/COCO_val2014_000000305412.jpg,con,4.285,0.1713383136440117,0.4681857738883136,0.1714553343467063,0.27272727272727276,0.17133462368947697
matched_abs_COCO_val2014_000000305480.jpg,val2014/COCO_val2014_000000305480.jpg,abs,3.5733333333333333,0.4986817194173493,0.11330291616798052,0.49867480306595663,0.14999999999999994,0.49868035927797827
matched_con_COCO_val2014_000000305480.jpg,val2014/COCO_val2014_000000305480.jpg,con,4.325,0.3936295660824094,0.6824141832597501,0.39369577991076604,0.4545454545454547,0.39362951079935354
matched_abs_COCO_val2014_000000356400.jpg,val2014/COCO_val2014_000000356400.jpg,abs,3.615,0.4936970166946499,0.5728345115202014,0.49371036029913445,0.7,0.49369584600014615
matched_con_COCO_val2014_000000356400.jpg,val2014/COCO_val2014_000000356400.jpg,con,4.366,0.611103007293004,0.6150072464943207,0.6111007972946858,0.619047619047619,0.6111024233280218
matched_abs_COCO_val2014_000000074331.jpg,val2014/COCO_val2014_000000074331.jpg,abs,3.6,-0.16496277078477603,0.023778545597628344,-0.16475301799448694,0.42857142857142855,-0.16495725765673405
matched_con_COCO_val2014_000000074331.jpg,val2014/COCO_val2014_000000074331.jpg,con,4.333333333333334,-0.22846254674687314,0.09709978620895282,-0.22828479650342948,0.21428571428571427,-0.2284577100089034
matched_abs_COCO_val2014_000000424351.jpg,val2014/COCO_val2014_000000424351.jpg,abs,3.668,-0.14444492096706643,-0.1320278008741517,-0.14441975000363502,0.06666666666666674,-0.14444102934924682
matched_con_COCO_val2014_000000424351.jpg,val2014/COCO_val2014_000000424351.jpg,con,4.392,0.34581247606845333,0.5510026882261984,0.3458657365666963,0.5,0.34580747741544615
matched_abs_COCO_val2014_000000350884.jpg,val2014/COCO_val2014_000000350884.jpg,abs,3.6066666666666665,0.1894748559041314,0.3878946569937708,0.18954505546425,0.24475524475524482,0.1894754969337015
matched_con_COCO_val2014_000000350884.jpg,val2014/COCO_val2014_000000350884.jpg,con,4.324,0.049146760015798194,0.35058082694559023,0.049256637063183076,0.2090909090909091,0.04914792716590467
matched_abs_COCO_val2014_000000031093.jpg,val2014/COCO_val2014_000000031093.jpg,abs,3.68,0.3073678062770848,0.7621531759136334,0.307452350812059,0.6593406593406593,0.3073691354349941
matched_con_COCO_val2014_000000031093.jpg,val2014/COCO_val2014_000000031093.jpg,con,4.368,0.20810516793855516,0.8344404476889828,0.20820143189597953,0.8166666666666665,0.20810825630828667
matched_abs_COCO_val2014_000000046616.jpg,val2014/COCO_val2014_000000046616.jpg,abs,3.587142857142857,0.609001185339162,0.4871626685817952,0.6089722306865347,0.23636363636363636,0.609000699499243
matched_con_COCO_val2014_000000046616.jpg,val2014/COCO_val2014_000000046616.jpg,con,4.272,0.47913396383382617,0.2939521081616177,0.4791095399766069,0.2484848484848485,0.4791337141768398
matched_abs_COCO_val2014_000000568505.jpg,val2014/COCO_val2014_000000568505.jpg,abs,3.61,0.35379377068314694,0.200572305081352,0.3538119221909009,0.10909090909090906,0.3537925641081627
matched_con_COCO_val2014_000000568505.jpg,val2014/COCO_val2014_000000568505.jpg,con,4.28,0.17870213841000082,0.4160368253043113,0.1787382584232239,0.2166666666666667,0.17870161996634698
matched_abs_COCO_val2014_000000570394.jpg,val2014/COCO_val2014_000000570394.jpg,abs,3.6142857142857143,0.25730617641008247,0.2596519268963076,0.25742183373293936,0.0666666666666667,0.2573034989168159
matched_con_COCO_val2014_000000570394.jpg,val2014/COCO_val2014_000000570394.jpg,con,4.284,0.1966708678973734,0.38455090728460417,0.19675485818750155,0.6904761904761905,0.1966718781826758
matched_abs_COCO_val2014_000000312544.jpg,val2014/COCO_val2014_000000312544.jpg,abs,3.658888888888889,0.5841335815777627,0.23485195531780922,0.5841122875276894,0.16363636363636364,0.5841323778041235
matched_con_COCO_val2014_000000312544.jpg,val2014/COCO_val2014_000000312544.jpg,con,4.322857142857143,0.5022215777705659,0.14627006737317927,0.502204575551735,-0.030303030303030304,0.5022197639763437
matched_abs_COCO_val2014_000000552065.jpg,val2014/COCO_val2014_000000552065.jpg,abs,3.6685714285714286,0.19598595568527113,0.6677726925278705,0.19605247102263157,0.38461538461538447,0.19598682174633933
matched_con_COCO_val2014_000000552065.jpg,val2014/COCO_val2014_000000552065.jpg,con,4.331666666666667,0.3002591357853629,0.5625006349314223,0.3003144105969414,0.3939393939393941,0.30025937838221384
matched_abs_COCO_val2014_000000481404.jpg,val2014/COCO_val2014_000000481404.jpg,abs,3.6333333333333333,0.40299626361350677,0.5736179759698592,0.40310517279469615,0.26363636363636356,0.40299658266446686
matched_con_COCO_val2014_000000481404.jpg,val2014/COCO_val2014_000000481404.jpg,con,4.296,0.08448116374727943,0.36039970943512456,0.0847942380747606,0.25000000000000006,0.08448209169897117
matched_abs_COCO_val2014_000000565485.jpg,val2014/COCO_val2014_000000565485.jpg,abs,3.67,0.3811173797822413,0.34936953793369346,0.3812168254288238,0.2857142857142857,0.3811192108400033
matched_con_COCO_val2014_000000565485.jpg,val2014/COCO_val2014_000000565485.jpg,con,4.323333333333333,0.34160853895739374,0.2517634024484161,0.341667692785667,0.4545454545454545,0.3416115910979921
matched_abs_COCO_val2014_000000302498.jpg,val2014/COCO_val2014_000000302498.jpg,abs,3.663333333333333,0.4241693017886104,0.6217282298879688,0.4242297894371893,0.6606060606060606,0.4241702696219809
matched_con_COCO_val2014_000000302498.jpg,val2014/COCO_val2014_000000302498.jpg,con,4.286,0.3045972795912509,0.48253453568877364,0.30462004361782347,0.6666666666666665,0.3045958669581816
matched_abs_COCO_val2014_000000017921.jpg,val2014/COCO_val2014_000000017921.jpg,abs,3.658571428571429,0.39381820665240364,0.6697566824992518,0.3939142805078462,0.7363636363636363,0.39381410849172327
matched_con_COCO_val2014_000000017921.jpg,val2014/COCO_val2014_000000017921.jpg,con,4.28,0.3895937410520348,0.6562741857379771,0.38969933710305044,0.7412587412587412,0.3895942259521934
matched_abs_COCO_val2014_000000220739.jpg,val2014/COCO_val2014_000000220739.jpg,abs,3.66,-0.10298924011234611,0.45877506962283193,-0.10286846378105167,0.7000000000000001,-0.10298876638614157
matched_con_COCO_val2014_000000220739.jpg,val2014/COCO_val2014_000000220739.jpg,con,4.276,0.4471831183831604,0.43237048726133487,0.4472088161100951,0.26666666666666666,0.4471783513122275
matched_abs_COCO_val2014_000000320743.jpg,val2014/COCO_val2014_000000320743.jpg,abs,3.677142857142857,0.2872058048241117,0.49038023984663787,0.28720748752835584,0.3212121212121213,0.28720718890980973
matched_con_COCO_val2014_000000320743.jpg,val2014/COCO_val2014_000000320743.jpg,con,4.2785714285714285,0.10824395407113441,0.5554551341284106,0.10843642885996224,0.6121212121212122,0.10824496839460473
matched_abs_COCO_val2014_000000098658.jpg,val2014/COCO_val2014_000000098658.jpg,abs,3.6799999999999997,0.2267670430954774,0.6046455751475452,0.22681853385816872,0.7000000000000001,0.22676796055901452
matched_con_COCO_val2014_000000098658.jpg,val2014/COCO_val2014_000000098658.jpg,con,4.281428571428571,0.16136789334712082,0.6125719552874996,0.16150580101226422,0.6083916083916082,0.1613691540707805
