trial_id,image_id,condition,group,map_pcc
matched_abs_COCO_val2014_000000057495.jpg,val2014/COCO_val2014_000000057495.jpg,abs,image_grp1,0.20219766551090826
matched_abs_COCO_val2014_000000057495.jpg,val2014/COCO_val2014_000000057495.jpg,abs,image_grp2,0.1838882462326921
matched_con_COCO_val2014_000000057495.jpg,val2014/COCO_val2014_000000057495.jpg,con,image_grp1,0.09599265533654884
matched_con_COCO_val2014_000000057495.jpg,val2014/COCO_val2014_000000057495.jpg,con,image_grp2,-0.03511424486018172
matched_abs_COCO_val2014_000000314426.jpg,val2014/COCO_val2014_000000314426.jpg,abs,image_grp1,0.545626938018016
matched_abs_COCO_val2014_000000314426.jpg,val2014/COCO_val2014_000000314426.jpg,abs,image_grp2,0.35122038150693946
matched_con_COCO_val2014_000000314426.jpg,val2014/COCO_val2014_000000314426.jpg,con,image_grp1,0.6260142093318829
matched_con_COCO_val2014_000000314426.jpg,val2014/COCO_val2014_000000314426.jpg,con,image_grp2,0.38308819854331094
matched_abs_COCO_val2014_000000540159.jpg,val2014/COCO_val2014_000000540159.jpg,abs,image_grp1,-0.014115132493352871
matched_abs_COCO_val2014_000000540159.jpg,val2014/COCO_val2014_000000540159.jpg,abs,image_grp2,0.0020480442541161983
matched_con_COCO_val2014_000000540159.jpg,val2014/COCO_val2014_000000540159.jpg,con,image_grp1,0.21553284695647965
matched_con_COCO_val2014_000000540159.jpg,val2014/COCO_val2014_000000540159.jpg,con,image_grp2,0.23259966675552937
matched_abs_COCO_val2014_000000480407.jpg,val2014/COCO_val2014_000000480407.jpg,abs,image_grp1,-0.09623597639757066
matched_abs_COCO_val2014_000000480407.jpg,val2014/COCO_val2014_000000480407.jpg,abs,image_grp2,-0.12130987660432603
matched_con_COCO_val2014_000000480407.jpg,val2014/COCO_val2014_000000480407.jpg,con,image_grp1,-0.12993625876398146
matched_con_COCO_val2014_000000480407.jpg,val2014/COCO_val2014_000000480407.jpg,con,image_grp2,-0.11929897788208248
matched_abs_COCO_val2014_000000020459.jpg,val2014/COCO_val2014_000000020459.jpg,abs,image_grp1,0.2864997444907855
matched_abs_COCO_val2014_000000020459.jpg,val2014/COCO_val2014_000000020459.jpg,abs,image_grp2,0.1953983576165053
matched_con_COCO_val2014_000000020459.jpg,val2014/COCO_val2014_000000020459.jpg,con,image_grp1,0.4541371771195753
matched_con_COCO_val2014_000000020459.jpg,val2014/COCO_val2014_000000020459.jpg,con,image_grp2,0.3978780078464629
matched_abs_COCO_val2014_000000050352.jpg,val2014/COCO_val2014_000000050352.jpg,abs,image_grp1,0.570379759511701
matched_abs_COCO_val2014_000000050352.jpg,val2014/COCO_val2014_000000050352.jpg,abs,image_grp2,0.525333914954627
matched_con_COCO_val2014_000000050352.jpg,val2014/COCO_val2014_000000050352.jpg,con,image_grp1,0.3801982941992026
matched_con_COCO_val2014_000000050352.jpg,val2014/COCO_val2014_000000050352.jpg,con,image_grp2,0.3364786258309009
matched_abs_COCO_val2014_000000390137.jpg,val2014/COCO_val2014_000000390137.jpg,abs,image_grp1,0.19223781263757106
matched_abs_COCO_val2014_000000390137.jpg,val2014/COCO_val2014_000000390137.jpg,abs,image_grp2,-0.07909020658902778
matched_con_COCO_val2014_000000390137.jpg,val2014/COCO_val2014_000000390137.jpg,con,image_grp1,0.34104146134227
matched_con_COCO_val2014_000000390137.jpg,val2014/COCO_val2014_000000390137.jpg,con,image_grp2,0.19966194960343683
matched_abs_COCO_val2014_000000468277.jpg,val2014/COCO_val2014_000000468277.jpg,abs,image_grp1,0.6179870553402825
matched_abs_COCO_val2014_000000468277.jpg,val2014/COCO_val2014_000000468277.jpg,abs,image_grp2,0.4916720312018222
matched_con_COCO_val2014_000000468277.jpg,val2014/COCO_val2014_000000468277.jpg,con,image_grp1,0.5064917898295676
matched_con_COCO_val2014_000000468277.jpg,val2014/COCO_val2014_000000468277.jpg,con,image_grp2,0.48592101444634084
matched_abs_COCO_val2014_000000425898.jpg,val2014/COCO_val2014_000000425898.jpg,abs,image_grp1,0.6135892405860212
matched_abs_COCO_val2014_000000425898.jpg,val2014/COCO_val2014_000000425898.jpg,abs,image_grp2,0.579745579788891
matched_con_COCO_val2014_000000425898.jpg,val2014/COCO_val2014_000000425898.jpg,con,image_grp1,0.2806943188077588
matched_con_COCO_val2014_000000425898.jpg,val2014/COCO_val2014_000000425898.jpg,con,image_grp2,0.32269556709927527
matched_abs_COCO_val2014_000000369221.jpg,val2014/COCO_val2014_000000369221.jpg,abs,image_grp1,0.518627725592043
matched_abs_COCO_val2014_000000369221.jpg,val2014/COCO_val2014_000000369221.jpg,abs,image_grp2,0.4114382582948808
matched_con_COCO_val2014_000000369221.jpg,val2014/COCO_val2014_000000369221.jpg,con,image_grp1,0.16396704697586395
matched_con_COCO_val2014_000000369221.jpg,val2014/COCO_val2014_000000369221.jpg,con,image_grp2,0.0001509742883474014
matched_abs_COCO_val2014_000000147030.jpg,val2014/COCO_val2014_000000147030.jpg,abs,image_grp1,0.03491798109950965
matched_abs_COCO_val2014_000000147030.jpg,val2014/COCO_val2014_000000147030.jpg,abs,image_grp2,-0.03622335420267907
matched_con_COCO_val2014_000000147030.jpg,val2014/COCO_val2014_000000147030.jpg,con,image_grp1,-0.10600907094399561
matched_con_COCO_val2014_000000147030.jpg,val2014/COCO_val2014_000000147030.jpg,con,image_grp2,-0.06369398842564396
matched_abs_COCO_val2014_000000487421.jpg,val2014/COCO_val2014_000000487421.jpg,abs,image_grp1,-0.17749444909044113
matched_abs_COCO_val2014_000000487421.jpg,val2014/COCO_val2014_000000487421.jpg,abs,image_grp2,-0.11534616288904899
matched_con_COCO_val2014_000000487421.jpg,val2014/COCO_val2014_000000487421.jpg,con,image_grp1,-0.06272526185474106
matched_con_COCO_val2014_000000487421.jpg,val2014/COCO_val2014_000000487421.jpg,con,image_grp2,-0.03651555551369588
matched_abs_COCO_val2014_000000198154.jpg,val2014/COCO_val2014_000000198154.jpg,abs,image_grp1,0.102831691823652
matched_abs_COCO_val2014_000000198154.jpg,val2014/COCO_val2014_000000198154.jpg,abs,image_grp2,0.09085887826854476
matched_con_COCO_val2014_000000198154.jpg,val2014/COCO_val2014_000000198154.jpg,con,image_grp1,0.2921228341945824
matched_con_COCO_val2014_000000198154.jpg,val2014/COCO_val2014_000000198154.jpg,con,image_grp2,0.20092551263497163
matched_abs_COCO_val2014_000000303944.jpg,val2014/COCO_val2014_000000303944.jpg,abs,image_grp1,0.2843586087398324
matched_abs_COCO_val2014_000000303944.jpg,val2014/COCO_val2014_000000303944.jpg,abs,image_grp2,0.23444195387800948
matched_con_COCO_val2014_000000303944.jpg,val2014/COCO_val2014_000000303944.jpg,con,image_grp1,0.3096265409339334
matched_con_COCO_val2014_000000303944.jpg,val2014/COCO_val2014_000000303944.jpg,con,image_grp2,0.25327237779213413
matched_abs_COCO_val2014_000000546203.jpg,val2014/COCO_val2014_000000546203.jpg,abs,image_grp1,0.2790626992167292
matched_abs_COCO_val2014_000000546203.jpg,val2014/COCO_val2014_000000546203.jpg,abs,image_grp2,0.23033590484831784
matched_con_COCO_val2014_000000546203.jpg,val2014/COCO_val2014_000000546203.jpg,con,image_grp1,0.3209683413049663
matched_con_COCO_val2014_000000546203.jpg,val2014/COCO_val2014_000000546203.jpg,con,image_grp2,0.22913058446060552
matched_abs_COCO_val2014_000000308156.jpg,val2014/COCO_val2014_000000308156.jpg,abs,image_grp1,0.027579719727954935
matched_abs_COCO_val2014_000000308156.jpg,val2014/COCO_val2014_000000308156.jpg,abs,image_grp2,0.002311991630091158
matched_con_COCO_val2014_000000308156.jpg,val2014/COCO_val2014_000000308156.jpg,con,image_grp1,0.023514530973065634
matched_con_COCO_val2014_000000308156.jpg,val2014/COCO_val2014_000000308156.jpg,con,image_grp2,0.0411514851417012
matched_abs_COCO_val2014_000000515765.jpg,val2014/COCO_val2014_000000515765.jpg,abs,image_grp1,0.3837529580488624
matched_abs_COCO_val2014_000000515765.jpg,val2014/COCO_val2014_000000515765.jpg,abs,image_grp2,0.21016997971362716
matched_con_COCO_val2014_000000515765.jpg,val2014/COCO_val2014_000000515765.jpg,con,image_grp1,0.4957250148622446
matched_con_COCO_val2014_000000515765.jpg,val2014/COCO_val2014_000000515765.jpg,con,image_grp2,0.42010818609351785
matched_abs_COCO_val2014_000000204311.jpg,val2014/COCO_val2014_000000204311.jpg,abs,image_grp1,0.2954437745739313
matched_abs_COCO_val2014_000000204311.jpg,val2014/COCO_val2014_000000204311.jpg,abs,image_grp2,0.29016703680238876
matched_con_COCO_val2014_000000204311.jpg,val2014/COCO_val2014_000000204311.jpg,con,image_grp1,0.5603497221691993
matched_con_COCO_val2014_000000204311.jpg,val2014/COCO_val2014_000000204311.jpg,con,image_grp2,0.4991391810649507
matched_abs_COCO_val2014_000000024144.jpg,val2014/COCO_val2014_000000024144.jpg,abs,image_grp1,-0.050887649035910656
matched_abs_COCO_val2014_000000024144.jpg,val2014/COCO_val2014_000000024144.jpg,abs,image_grp2,-0.10497253196170382
matched_con_COCO_val2014_000000024144.jpg,val2014/COCO_val2014_000000024144.jpg,con,image_grp1,-0.1236733018613753
matched_con_COCO_val2014_000000024144.jpg,val2014/COCO_val2014_000000024144.jpg,con,image_grp2,-0.13367883288067048
matched_abs_COCO_val2014_000000117064.jpg,val2014/COCO_val2014_000000117064.jpg,abs,image_grp1,0.6282391638899817
matched_abs_COCO_val2014_000000117064.jpg,val2014/COCO_val2014_000000117064.jpg,abs,image_grp2,0.4690791687495005
matched_con_COCO_val2014_000000117064.jpg,val2014/COCO_val2014_000000117064.jpg,con,image_grp1,0.7108151423582192
matched_con_COCO_val2014_000000117064.jpg,val2014/COCO_val2014_000000117064.jpg,con,image_grp2,0.5402027806758907
matched_abs_COCO_val2014_000000497501.jpg,val2014/COCO_val2014_000000497501.jpg,abs,image_grp1,0.33049388598958496
matched_abs_COCO_val2014_000000497501.jpg,val2014/COCO_val2014_000000497501.jpg,abs,image_grp2,0.27113631664984894
matched_con_COCO_val2014_000000497501.jpg,val2014/COCO_val2014_000000497501.jpg,con,image_grp1,0.4484361252411043
matched_con_COCO_val2014_000000497501.jpg,val2014/COCO_val2014_000000497501.jpg,con,image_grp2,0.4242775412333489
matched_abs_COCO_val2014_000000003310.jpg,val2014/COCO_val2014_000000003310.jpg,abs,image_grp1,0.6611785479176493
matched_abs_COCO_val2014_000000003310.jpg,val2014/COCO_val2014_000000003310.jpg,abs,image_grp2,0.6506553193386675
matched_con_COCO_val2014_000000003310.jpg,val2014/COCO_val2014_000000003310.jpg,con,image_grp1,0.6675444716815363
matched_con_COCO_val2014_000000003310.jpg,val2014/COCO_val2014_000000003310.jpg,con,image_grp2,0.7073645033052222
matched_abs_COCO_val2014_000000345848.jpg,val2014/COCO_val2014_000000345848.jpg,abs,image_grp1,0.23350001388009012
matched_abs_COCO_val2014_000000345848.jpg,val2014/COCO_val2014_000000345848.jpg,abs,image_grp2,0.05027139836139365
matched_con_COCO_val2014_000000345848.jpg,val2014/COCO_val2014_000000345848.jpg,con,image_grp1,0.09497365061542885
matched_con_COCO_val2014_000000345848.jpg,val2014/COCO_val2014_000000345848.jpg,con,image_grp2,0.1614128257683516
matched_abs_COCO_val2014_000000179273.jpg,val2014/COCO_val2014_000000179273.jpg,abs,image_grp1,-0.06421018433812481
matched_abs_COCO_val2014_000000179273.jpg,val2014/COCO_val2014_000000179273.jpg,abs,image_grp2,-0.09410239819280077
matched_con_COCO_val2014_000000179273.jpg,val2014/COCO_val2014_000000179273.jpg,con,image_grp1,0.005028357185183086
matched_con_COCO_val2014_000000179273.jpg,val2014/COCO_val2014_000000179273.jpg,con,image_grp2,0.021444727841827656
matched_abs_COCO_val2014_000000016546.jpg,val2014/COCO_val2014_000000016546.jpg,abs,image_grp1,0.48686819732431236
matched_abs_COCO_val2014_000000016546.jpg,val2014/COCO_val2014_000000016546.jpg,abs,image_grp2,0.3885550198033512
matched_con_COCO_val2014_000000016546.jpg,val2014/COCO_val2014_000000016546.jpg,con,image_grp1,0.4489492876203925
matched_con_COCO_val2014_000000016546.jpg,val2014/COCO_val2014_000000016546.jpg,con,image_grp2,0.385088099105675
matched_abs_COCO_val2014_000000391539.jpg,val2014/COCO_val2014_000000391539.jpg,abs,image_grp1,0.1748081269676076
matched_abs_COCO_val2014_000000391539.jpg,val2014/COCO_val2014_000000391539.jpg,abs,image_grp2,0.11806711138954679
matched_con_COCO_val2014_000000391539.jpg,val2014/COCO_val2014_000000391539.jpg,con,image_grp1,0.18607735130896944
matched_con_COCO_val2014_000000391539.jpg,val2014/COCO_val2014_000000391539.jpg,con,image_grp2,0.17843846851960082
matched_abs_COCO_val2014_000000561681.jpg,val2014/COCO_val2014_000000561681.jpg,abs,image_grp1,-0.30846466957989715
matched_abs_COCO_val2014_000000561681.jpg,val2014/COCO_val2014_000000561681.jpg,abs,image_grp2,-0.28749150974402654
matched_con_COCO_val2014_000000561681.jpg,val2014/COCO_val2014_000000561681.jpg,con,image_grp1,-0.26483810035812083
matched_con_COCO_val2014_000000561681.jpg,val2014/COCO_val2014_000000561681.jpg,con,image_grp2,-0.13795517726450335
matched_abs_COCO_val2014_000000377326.jpg,val2014/COCO_val2014_000000377326.jpg,abs,image_grp1,0.545271305494273
matched_abs_COCO_val2014_000000377326.jpg,val2014/COCO_val2014_000000377326.jpg,abs,image_grp2,0.4151373194324431
matched_con_COCO_val2014_000000377326.jpg,val2014/COCO_val2014_000000377326.jpg,con,image_grp1,0.4793828159359466
matched_con_COCO_val2014_000000377326.jpg,val2014/COCO_val2014_000000377326.jpg,con,image_grp2,0.4112535534425737
matched_abs_COCO_val2014_000000576886.jpg,val2014/COCO_val2014_000000576886.jpg,abs,image_grp1,0.46042761843855734
matched_abs_COCO_val2014_000000576886.jpg,val2014/COCO_val2014_000000576886.jpg,abs,image_grp2,0.3922919472895169
matched_con_COCO_val2014_000000576886.jpg,val2014/COCO_val2014_000000576886.jpg,con,image_grp1,0.0007159480826965933
matched_con_COCO_val2014_000000576886.jpg,val2014/COCO_val2014_000000576886.jpg,con,image_grp2,-0.08607445378768182
matched_abs_COCO_val2014_000000083049.jpg,val2014/COCO_val2014_000000083049.jpg,abs,image_grp1,0.41320243484945635
matched_abs_COCO_val2014_000000083049.jpg,val2014/COCO_val2014_000000083049.jpg,abs,image_grp2,0.3923111600996848
matched_con_COCO_val2014_000000083049.jpg,val2014/COCO_val2014_000000083049.jpg,con,image_grp1,0.4685671703863247
matched_con_COCO_val2014_000000083049.jpg,val2014/COCO_val2014_000000083049.jpg,con,image_grp2,0.4346952880550132
matched_abs_COCO_val2014_000000535253.jpg,val2014/COCO_val2014_000000535253.jpg,abs,image_grp1,-0.2261837642579307
matched_abs_COCO_val2014_000000535253.jpg,val2014/COCO_val2014_000000535253.jpg,abs,image_grp2,-0.18943438257779172
matched_con_COCO_val2014_000000535253.jpg,val2014/COCO_val2014_000000535253.jpg,con,image_grp1,-0.23818329000879734
matched_con_COCO_val2014_000000535253.jpg,val2014/COCO_val2014_000000535253.jpg,con,image_grp2,-0.17229158830958882
matched_abs_COCO_val2014_000000167205.jpg,val2014/COCO_val2014_000000167205.jpg,abs,image_grp1,-0.2011537720646439
matched_abs_COCO_val2014_000000167205.jpg,val2014/COCO_val2014_000000167205.jpg,abs,image_grp2,-0.15727079616974404
matched_con_COCO_val2014_000000167205.jpg,val2014/COCO_val2014_000000167205.jpg,con,image_grp1,-0.15645653056639633
matched_con_COCO_val2014_000000167205.jpg,val2014/COCO_val2014_000000167205.jpg,con,image_grp2,-0.12525683779624114
matched_abs_COCO_val2014_000000554980.jpg,val2014/COCO_val2014_000000554980.jpg,abs,image_grp1,-0.10764450251342995
matched_abs_COCO_val2014_000000554980.jpg,val2014/COCO_val2014_000000554980.jpg,abs,image_grp2,-0.051133681884510486
matched_con_COCO_val2014_000000554980.jpg,val2014/COCO_val2014_000000554980.jpg,con,image_grp1,0.26971931351331724
matched_con_COCO_val2014_000000554980.jpg,val2014/COCO_val2014_000000554980.jpg,con,image_grp2,0.18117057505935014
matched_abs_COCO_val2014_000000001340.jpg,val2014/COCO_val2014_000000001340.jpg,abs,image_grp1,0.6745366944020706
matched_abs_COCO_val2014_000000001340.jpg,val2014/COCO_val2014_000000001340.jpg,abs,image_grp2,0.5429298673744837
matched_con_COCO_val2014_000000001340.jpg,val2014/COCO_val2014_000000001340.jpg,con,image_grp1,0.6487173270864403
matched_con_COCO_val2014_000000001340.jpg,val2014/COCO_val2014_000000001340.jpg,con,image_grp2,0.5198314717972593
matched_abs_COCO_val2014_000000262092.jpg,val2014/COCO_val2014_000000262092.jpg,abs,image_grp1,0.3321981030907368
matched_abs_COCO_val2014_000000262092.jpg,val2014/COCO_val2014_000000262092.jpg,abs,image_grp2,0.3116763518406348
matched_con_COCO_val2014_000000262092.jpg,val2014/COCO_val2014_000000262092.jpg,con,image_grp1,0.2423780121413796
matched_con_COCO_val2014_000000262092.jpg,val2014/COCO_val2014_000000262092.jpg,con,image_grp2,0.3129833254016013
matched_abs_COCO_val2014_000000031749.jpg,val2014/COCO_val2014_000000031749.jpg,abs,image_grp1,0.5269105659048848
matched_abs_COCO_val2014_000000031749.jpg,val2014/COCO_val2014_000000031749.jpg,abs,image_grp2,0.49496715342919095
matched_con_COCO_val2014_000000031749.jpg,val2014/COCO_val2014_000000031749.jpg,con,image_grp1,0.49727659061453106
matched_con_COCO_val2014_000000031749.jpg,val2014/COCO_val2014_000000031749.jpg,con,image_grp2,0.5172335047469604
matched_abs_COCO_val2014_000000274939.jpg,val2014/COCO_val2014_000000274939.jpg,abs,image_grp1,0.4722400169238916
matched_abs_COCO_val2014_000000274939.jpg,val2014/COCO_val2014_000000274939.jpg,abs,image_grp2,0.2295556887579219
matched_con_COCO_val2014_000000274939.jpg,val2014/COCO_val2014_000000274939.jpg,con,image_grp1,0.47211719043700695
matched_con_COCO_val2014_000000274939.jpg,val2014/COCO_val2014_000000274939.jpg,con,image_grp2,0.49251290611694076
matched_abs_COCO_val2014_000000154846.jpg,val2014/COCO_val2014_000000154846.jpg,abs,image_grp1,0.14558803606950363
matched_abs_COCO_val2014_000000154846.jpg,val2014/COCO_val2014_000000154846.jpg,abs,image_grp2,0.16899983497707133
matched_con_COCO_val2014_000000154846.jpg,val2014/COCO_val2014_000000154846.jpg,con,image_grp1,0.1224406425232236
matched_con_COCO_val2014_000000154846.jpg,val2014/COCO_val2014_000000154846.jpg,con,image_grp2,0.08644763492530406
matched_abs_COCO_val2014_000000417339.jpg,val2014/COCO_val2014_000000417339.jpg,abs,image_grp1,0.5464360917836584
matched_abs_COCO_val2014_000000417339.jpg,val2014/COCO_val2014_000000417339.jpg,abs,image_grp2,0.4628280318128374
matched_con_COCO_val2014_000000417339.jpg,val2014/COCO_val2014_000000417339.jpg,con,image_grp1,0.2476960137952362
matched_con_COCO_val2014_000000417339.jpg,val2014/COCO_val2014_000000417339.jpg,con,image_grp2,0.274415177004411
matched_abs_COCO_val2014_000000492016.jpg,val2014/COCO_val2014_000000492016.jpg,abs,image_grp1,0.40522390267027175
matched_abs_COCO_val2014_000000492016.jpg,val2014/COCO_val2014_000000492016.jpg,abs,image_grp2,0.289743038039552
matched_con_COCO_val2014_000000492016.jpg,val2014/COCO_val2014_000000492016.jpg,con,image_grp1,0.49726370287324323
matched_con_COCO_val2014_000000492016.jpg,val2014/COCO_val2014_000000492016.jpg,con,image_grp2,0.42924451993955814
matched_abs_COCO_val2014_000000232618.jpg,val2014/COCO_val2014_000000232618.jpg,abs,image_grp1,0.2949099811289762
matched_abs_COCO_val2014_000000232618.jpg,val2014/COCO_val2014_000000232618.jpg,abs,image_grp2,0.2508925621631762
matched_con_COCO_val2014_000000232618.jpg,val2014/COCO_val2014_000000232618.jpg,con,image_grp1,0.34430464719290504
matched_con_COCO_val2014_000000232618.jpg,val2014/COCO_val2014_000000232618.jpg,con,image_grp2,0.20261495142384556
matched_abs_COCO_val2014_000000282790.jpg,val2014/COCO_val2014_000000282790.jpg,abs,image_grp1,0.6175296053559217
matched_abs_COCO_val2014_000000282790.jpg,val2014/COCO_val2014_000000282790.jpg,abs,image_grp2,0.509043536312574
matched_con_COCO_val2014_000000282790.jpg,val2014/COCO_val2014_000000282790.jpg,con,image_grp1,0.5610277891082082
matched_con_COCO_val2014_000000282790.jpg,val2014/COCO_val2014_000000282790.jpg,con,image_grp2,0.4961171550952582
matched_abs_COCO_val2014_000000121326.jpg,val2014/COCO_val2014_000000121326.jpg,abs,image_grp1,0.336156039873233
matched_abs_COCO_val2014_000000121326.jpg,val2014/COCO_val2014_000000121326.jpg,abs,image_grp2,0.2592580084509297
matched_con_COCO_val2014_000000121326.jpg,val2014/COCO_val2014_000000121326.jpg,con,image_grp1,0.486906285473509
matched_con_COCO_val2014_000000121326.jpg,val2014/COCO_val2014_000000121326.jpg,con,image_grp2,0.27175190823351286
matched_abs_COCO_val2014_000000422432.jpg,val2014/COCO_val2014_000000422432.jpg,abs,image_grp1,0.5170055716111565
matched_abs_COCO_val2014_000000422432.jpg,val2014/COCO_val2014_000000422432.jpg,abs,image_grp2,0.4098598998549407
matched_con_COCO_val2014_000000422432.jpg,val2014/COCO_val2014_000000422432.jpg,con,image_grp1,-0.09218384632959029
matched_con_COCO_val2014_000000422432.jpg,val2014/COCO_val2014_000000422432.jpg,con,image_grp2,-0.27854106560576586
matched_abs_COCO_val2014_000000021764.jpg,val2014/COCO_val2014_000000021764.jpg,abs,image_grp1,0.22770810344500603
matched_abs_COCO_val2014_000000021764.jpg,val2014/COCO_val2014_000000021764.jpg,abs,image_grp2,0.172152908923204
matched_con_COCO_val2014_000000021764.jpg,val2014/COCO_val2014_000000021764.jpg,con,image_grp1,0.2568148253613713
matched_con_COCO_val2014_000000021764.jpg,val2014/COCO_val2014_000000021764.jpg,con,image_grp2,0.12053827459839381
matched_abs_COCO_val2014_000000456483.jpg,val2014/COCO_val2014_000000456483.jpg,abs,image_grp1,0.5198301886620372
matched_abs_COCO_val2014_000000456483.jpg,val2014/COCO_val2014_000000456483.jpg,abs,image_grp2,0.429532597672564
matched_con_COCO_val2014_000000456483.jpg,val2014/COCO_val2014_000000456483.jpg,con,image_grp1,0.5164408036412231
matched_con_COCO_val2014_000000456483.jpg,val2014/COCO_val2014_000000456483.jpg,con,image_grp2,0.4249750337071306
matched_abs_COCO_val2014_000000149469.jpg,val2014/COCO_val2014_000000149469.jpg,abs,image_grp1,-0.05380707801334204
matched_abs_COCO_val2014_000000149469.jpg,val2014/COCO_val2014_000000149469.jpg,abs,image_grp2,-0.06326550257097077
matched_con_COCO_val2014_000000149469.jpg,val2014/COCO_val2014_000000149469.jpg,con,image_grp1,0.035952583432922444
matched_con_COCO_val2014_000000149469.jpg,val2014/COCO_val2014_000000149469.jpg,con,image_grp2,-0.029467971936851738
matched_abs_COCO_val2014_000000107167.jpg,val2014/COCO_val2014_000000107167.jpg,abs,image_grp1,0.27923542907589444
matched_abs_COCO_val2014_000000107167.jpg,val2014/COCO_val2014_000000107167.jpg,abs,image_grp2,0.272267966627912
matched_con_COCO_val2014_000000107167.jpg,val2014/COCO_val2014_000000107167.jpg,con,image_grp1,0.27077533233476714
matched_con_COCO_val2014_000000107167.jpg,val2014/COCO_val2014_000000107167.jpg,con,image_grp2,0.23001213960621067
matched_abs_COCO_val2014_000000414795.jpg,val2014/COCO_val2014_000000414795.jpg,abs,image_grp1,-0.0032427716044949573
matched_abs_COCO_val2014_000000414795.jpg,val2014/COCO_val2014_000000414795.jpg,abs,image_grp2,0.1014488098914949
matched_con_COCO_val2014_000000414795.jpg,val2014/COCO_val2014_000000414795.jpg,con,image_grp1,0.2190534124653417
matched_con_COCO_val2014_000000414795.jpg,val2014/COCO_val2014_000000414795.jpg,con,image_grp2,0.23558630919078877
matched_abs_COCO_val2014_000000207003.jpg,val2014/COCO_val2014_000000207003.jpg,abs,image_grp1,0.18413890204589034
matched_abs_COCO_val2014_000000207003.jpg,val2014/COCO_val2014_000000207003.jpg,abs,image_grp2,0.3327536457808057
matched_con_COCO_val2014_000000207003.jpg,val2014/COCO_val2014_000000207003.jpg,con,image_grp1,0.46813630124293903
matched_con_COCO_val2014_000000207003.jpg,val2014/COCO_val2014_000000207003.jpg,con,image_grp2,0.40170879269738674
matched_abs_COCO_val2014_000000329011.jpg,val2014/COCO_val2014_000000329011.jpg,abs,image_grp1,0.4762936990487644
matched_abs_COCO_val2014_000000329011.jpg,val2014/COCO_val2014_000000329011.jpg,abs,image_grp2,0.39295088797059674
matched_con_COCO_val2014_000000329011.jpg,val2014/COCO_val2014_000000329011.jpg,con,image_grp1,0.4877451213291717
matched_con_COCO_val2014_000000329011.jpg,val2014/COCO_val2014_000000329011.jpg,con,image_grp2,0.4500595386305231
matched_abs_COCO_val2014_000000504287.jpg,val2014/COCO_val2014_000000504287.jpg,abs,image_grp1,0.6077164958736071
matched_abs_COCO_val2014_000000504287.jpg,val2014/COCO_val2014_000000504287.jpg,abs,image_grp2,0.5155089686326162
matched_con_COCO_val2014_000000504287.jpg,val2014/COCO_val2014_000000504287.jpg,con,image_grp1,0.5311445584573578
matched_con_COCO_val2014_000000504287.jpg,val2014/COCO_val2014_000000504287.jpg,con,image_grp2,0.44012774316139747
matched_abs_COCO_val2014_000000254990.jpg,val2014/COCO_val2014_000000254990.jpg,abs,image_grp1,0.424908622098949
matched_abs_COCO_val2014_000000254990.jpg,val2014/COCO_val2014_000000254990.jpg,abs,image_grp2,0.38124171322762146
matched_con_COCO_val2014_000000254990.jpg,val2014/COCO_val2014_000000254990.jpg,con,image_grp1,0.6793293531018051
matched_con_COCO_val2014_000000254990.jpg,val2014/COCO_val2014_000000254990.jpg,con,image_grp2,0.5715834886234242
matched_abs_COCO_val2014_000000460812.jpg,val2014/COCO_val2014_000000460812.jpg,abs,image_grp1,0.23507612758084626
matched_abs_COCO_val2014_000000460812.jpg,val2014/COCO_val2014_000000460812.jpg,abs,image_grp2,0.30199012776417933
matched_con_COCO_val2014_000000460812.jpg,val2014/COCO_val2014_000000460812.jpg,con,image_grp1,0.19525264747213586
matched_con_COCO_val2014_000000460812.jpg,val2014/COCO_val2014_000000460812.jpg,con,image_grp2,0.1560334302038864
matched_abs_COCO_val2014_000000397287.jpg,val2014/COCO_val2014_000000397287.jpg,abs,image_grp1,0.38234182363668223
matched_abs_COCO_val2014_000000397287.jpg,val2014/COCO_val2014_000000397287.jpg,abs,image_grp2,0.3919858042546983
matched_con_COCO_val2014_000000397287.jpg,val2014/COCO_val2014_000000397287.jpg,con,image_grp1,0.35825914692743005
matched_con_COCO_val2014_000000397287.jpg,val2014/COCO_val2014_000000397287.jpg,con,image_grp2,0.34566355204916116
matched_abs_COCO_val2014_000000351868.jpg,val2014/COCO_val2014_000000351868.jpg,abs,image_grp1,0.44296570561346854
matched_abs_COCO_val2014_000000351868.jpg,val2014/COCO_val2014_000000351868.jpg,abs,image_grp2,0.2968600083577062
matched_con_COCO_val2014_000000351868.jpg,val2014/COCO_val2014_000000351868.jpg,con,image_grp1,0.20852806892035242
matched_con_COCO_val2014_000000351868.jpg,val2014/COCO_val2014_000000351868.jpg,con,image_grp2,0.1251919027929281
matched_abs_COCO_val2014_000000103851.jpg,val2014/COCO_val2014_000000103851.jpg,abs,image_grp1,0.4725559837661065
matched_abs_COCO_val2014_000000103851.jpg,val2014/COCO_val2014_000000103851.jpg,abs,image_grp2,0.2378270809646929
matched_con_COCO_val2014_000000103851.jpg,val2014/COCO_val2014_000000103851.jpg,con,image_grp1,0.19085326936465874
matched_con_COCO_val2014_000000103851.jpg,val2014/COCO_val2014_000000103851.jpg,con,image_grp2,0.21047712113550443
matched_abs_COCO_val2014_000000466981.jpg,val2014/COCO_val2014_000000466981.jpg,abs,image_grp1,0.01410857206086108
matched_abs_COCO_val2014_000000466981.jpg,val2014/COCO_val2014_000000466981.jpg,abs,image_grp2,-0.00381859158796828
matched_con_COCO_val2014_000000466981.jpg,val2014/COCO_val2014_000000466981.jpg,con,image_grp1,0.2484384404325308
matched_con_COCO_val2014_000000466981.jpg,val2014/COCO_val2014_000000466981.jpg,con,image_grp2,0.2456081332460664
matched_abs_COCO_val2014_000000326550.jpg,val2014/COCO_val2014_000000326550.jpg,abs,image_grp1,0.2635606631539967
matched_abs_COCO_val2014_000000326550.jpg,val2014/COCO_val2014_000000326550.jpg,abs,image_grp2,0.20496521689780026
matched_con_COCO_val2014_000000326550.jpg,val2014/COCO_val2014_000000326550.jpg,con,image_grp1,0.5087462307146206
matched_con_COCO_val2014_000000326550.jpg,val2014/COCO_val2014_000000326550.jpg,con,image_grp2,0.4219017845386447
matched_abs_COCO_val2014_000000103017.jpg,val2014/COCO_val2014_000000103017.jpg,abs,image_grp1,-0.01030585747779655
matched_abs_COCO_val2014_000000103017.jpg,val2014/COCO_val2014_000000103017.jpg,abs,image_grp2,0.08954413327052568
matched_con_COCO_val2014_000000103017.jpg,val2014/COCO_val2014_000000103017.jpg,con,image_grp1,0.4523425322712024
matched_con_COCO_val2014_000000103017.jpg,val2014/COCO_val2014_000000103017.jpg,con,image_grp2,0.48840470710432404
matched_abs_COCO_val2014_000000256067.jpg,val2014/COCO_val2014_000000256067.jpg,abs,image_grp1,0.3812745148454223
matched_abs_COCO_val2014_000000256067.jpg,val2014/COCO_val2014_000000256067.jpg,abs,image_grp2,0.3727132918299605
matched_con_COCO_val2014_000000256067.jpg,val2014/COCO_val2014_000000256067.jpg,con,image_grp1,0.046822021142157416
matched_con_COCO_val2014_000000256067.jpg,val2014/COCO_val2014_000000256067.jpg,con,image_grp2,0.15003745038881894
matched_abs_COCO_val2014_000000305412.jpg,val2014/COCO_val2014_000000305412.jpg,abs,image_grp1,0.31657162430544034
matched_abs_COCO_val2014_000000305412.jpg,val2014/COCO_val2014_000000305412.jpg,abs,image_grp2,0.2573155661971425
matched_con_COCO_val2014_000000305412.jpg,val2014/COCO_val2014_000000305412.jpg,con,image_grp1,0.18169001051691272
matched_con_COCO_val2014_000000305412.jpg,val2014/COCO_val2014_000000305412.jpg,con,image_grp2,0.10994388789766209
matched_abs_COCO_val2014_000000305480.jpg,val2014/COCO_val2014_000000305480.jpg,abs,image_grp1,0.5058518759411321
matched_abs_COCO_val2014_000000305480.jpg,val2014/COCO_val2014_000000305480.jpg,abs,image_grp2,0.38103650757238366
matched_con_COCO_val2014_000000305480.jpg,val2014/COCO_val2014_000000305480.jpg,con,image_grp1,0.38605401084959223
matched_con_COCO_val2014_000000305480.jpg,val2014/COCO_val2014_000000305480.jpg,con,image_grp2,0.4117188394527152
matched_abs_COCO_val2014_000000356400.jpg,val2014/COCO_val2014_000000356400.jpg,abs,image_grp1,0.5082843031845152
matched_abs_COCO_val2014_000000356400.jpg,val2014/COCO_val2014_000000356400.jpg,abs,image_grp2,0.39548784105819657
matched_con_COCO_val2014_000000356400.jpg,val2014/COCO_val2014_000000356400.jpg,con,image_grp1,0.6121673488740851
matched_con_COCO_val2014_000000356400.jpg,val2014/COCO_val2014_000000356400.jpg,con,image_grp2,0.5109234581474333
matched_abs_COCO_val2014_000000074331.jpg,val2014/COCO_val2014_000000074331.jpg,abs,image_grp1,-0.1526456305212709
matched_abs_COCO_val2014_000000074331.jpg,val2014/COCO_val2014_000000074331.jpg,abs,image_grp2,-0.22156466201561187
matched_con_COCO_val2014_000000074331.jpg,val2014/COCO_val2014_000000074331.jpg,con,image_grp1,-0.23637461095563497
matched_con_COCO_val2014_000000074331.jpg,val2014/COCO_val2014_000000074331.jpg,con,image_grp2,-0.14164295633245963
matched_abs_COCO_val2014_000000424351.jpg,val2014/COCO_val2014_000000424351.jpg,abs,image_grp1,-0.14923042864147276
matched_abs_COCO_val2014_000000424351.jpg,val2014/COCO_val2014_000000424351.jpg,abs,image_grp2,-0.09087029858843661
matched_con_COCO_val2014_000000424351.jpg,val2014/COCO_val2014_000000424351.jpg,con,image_grp1,0.34402260013495195
matched_con_COCO_val2014_000000424351.jpg,val2014/COCO_val2014_000000424351.jpg,con,image_grp2,0.32864195191799844
matched_abs_COCO_val2014_000000350884.jpg,val2014/COCO_val2014_000000350884.jpg,abs,image_grp1,0.19288232184736084
matched_abs_COCO_val2014_000000350884.jpg,val2014/COCO_val2014_000000350884.jpg,abs,image_grp2,0.16365924365020498
matched_con_COCO_val2014_000000350884.jpg,val2014/COCO_val2014_000000350884.jpg,con,image_grp1,0.03979264551356053
matched_con_COCO_val2014_000000350884.jpg,val2014/COCO_val2014_000000350884.jpg,con,image_grp2,0.1293701144212119
matched_abs_COCO_val2014_000000031093.jpg,val2014/COCO_val2014_000000031093.jpg,abs,image_grp1,0.30857646014128487
matched_abs_COCO_val2014_000000031093.jpg,val2014/COCO_val2014_000000031093.jpg,abs,image_grp2,0.2678970714115944
matched_con_COCO_val2014_000000031093.jpg,val2014/COCO_val2014_000000031093.jpg,con,image_grp1,0.21339179554314153
matched_con_COCO_val2014_000000031093.jpg,val2014/COCO_val2014_000000031093.jpg,con,image_grp2,0.17349714520598927
matched_abs_COCO_val2014_000000046616.jpg,val2014/COCO_val2014_000000046616.jpg,abs,image_grp1,0.6057477606144998
matched_abs_COCO_val2014_000000046616.jpg,val2014/COCO_val2014_000000046616.jpg,abs,image_grp2,0.5455339499371541
matched_con_COCO_val2014_000000046616.jpg,val2014/COCO_val2014_000000046616.jpg,con,image_grp1,0.4751439090261931
matched_con_COCO_val2014_000000046616.jpg,val2014/COCO_val2014_000000046616.jpg,con,image_grp2,0.47864435102673575
matched_abs_COCO_val2014_000000568505.jpg,val2014/COCO_val2014_000000568505.jpg,abs,image_grp1,0.3591956331667356
matched_abs_COCO_val2014_000000568505.jpg,val2014/COCO_val2014_000000568505.jpg,abs,image_grp2,0.2695914247554859
matched_con_COCO_val2014_000000568505.jpg,val2014/COCO_val2014_000000568505.jpg,con,image_grp1,0.18344550664489936
matched_con_COCO_val2014_000000568505.jpg,val2014/COCO_val2014_000000568505.jpg,con,image_grp2,0.14118231179481308
matched_abs_COCO_val2014_000000570394.jpg,val2014/COCO_val2014_000000570394.jpg,abs,image_grp1,0.2630595724436649
matched_abs_COCO_val2014_000000570394.jpg,val2014/COCO_val2014_000000570394.jpg,abs,image_grp2,0.21169583597431324
matched_con_COCO_val2014_000000570394.jpg,val2014/COCO_val2014_000000570394.jpg,con,image_grp1,0.20070962525545155
matched_con_COCO_val2014_000000570394.jpg,val2014/COCO_val2014_000000570394.jpg,con,image_grp2,0.15863319397969297
matched_abs_COCO_val2014_000000312544.jpg,val2014/COCO_val2014_000000312544.jpg,abs,image_grp1,0.6061181009898379
matched_abs_COCO_val2014_000000312544.jpg,val2014/COCO_val2014_000000312544.jpg,abs,image_grp2,0.39793870021399524
matched_con_COCO_val2014_000000312544.jpg,val2014/COCO_val2014_000000312544.jpg,con,image_grp1,0.5238805640651728
matched_con_COCO_val2014_000000312544.jpg,val2014/COCO_val2014_000000312544.jpg,con,image_grp2,0.27046057600374385
matched_abs_COCO_val2014_000000552065.jpg,val2014/COCO_val2014_000000552065.jpg,abs,image_grp1,0.20349862916820827
matched_abs_COCO_val2014_000000552065.jpg,val2014/COCO_val2014_000000552065.jpg,abs,image_grp2,0.15461548771842965
matched_con_COCO_val2014_000000552065.jpg,val2014/COCO_val2014_000000552065.jpg,con,image_grp1,0.2932720771813273
matched_con_COCO_val2014_000000552065.jpg,val2014/COCO_val2014_000000552065.jpg,con,image_grp2,0.33266832077203506
matched_abs_COCO_val2014_000000481404.jpg,val2014/COCO_val2014_000000481404.jpg,abs,image_grp1,0.40670398641378197
matched_abs_COCO_val2014_000000481404.jpg,val2014/COCO_val2014_000000481404.jpg,abs,image_grp2,0.34544960290284626
matched_con_COCO_val2014_000000481404.jpg,val2014/COCO_val2014_000000481404.jpg,con,image_grp1,0.09363111134687761
matched_con_COCO_val2014_000000481404.jpg,val2014/COCO_val2014_000000481404.jpg,con,image_grp2,0.03552989752222984
matched_abs_COCO_val2014_000000565485.jpg,val2014/COCO_val2014_000000565485.jpg,abs,image_grp1,0.40048544466179875
matched_abs_COCO_val2014_000000565485.jpg,val2014/COCO_val2014_000000565485.jpg,abs,image_grp2,0.21634071683522038
matched_con_COCO_val2014_000000565485.jpg,val2014/COCO_val2014_000000565485.jpg,con,image_grp1,0.33388828202222753
matched_con_COCO_val2014_000000565485.jpg,val2014/COCO_val2014_000000565485.jpg,con,image_grp2,0.3963886112557555
matched_abs_COCO_val2014_000000302498.jpg,val2014/COCO_val2014_000000302498.jpg,abs,image_grp1,0.44304669459328294
matched_abs_COCO_val2014_000000302498.jpg,val2014/COCO_val2014_000000302498.jpg,abs,image_grp2,0.24389996651667406
matched_con_COCO_val2014_000000302498.jpg,val2014/COCO_val2014_000000302498.jpg,con,image_grp1,0.30014342749192485
matched_con_COCO_val2014_000000302498.jpg,val2014/COCO_val2014_000000302498.jpg,con,image_grp2,0.30702869302135793
matched_abs_COCO_val2014_000000017921.jpg,val2014/COCO_val2014_000000017921.jpg,abs,image_grp1,0.40154848570930785
matched_abs_COCO_val2014_000000017921.jpg,val2014/COCO_val2014_000000017921.jpg,abs,image_grp2,0.349632538340576
matched_con_COCO_val2014_000000017921.jpg,val2014/COCO_val2014_000000017921.jpg,con,image_grp1,0.3983702343605836
matched_con_COCO_val2014_000000017921.jpg,val2014/COCO_val2014_000000017921.jpg,con,image_grp2,0.28040587479668827
matched_abs_COCO_val2014_000000220739.jpg,val2014/COCO_val2014_000000220739.jpg,abs,image_grp1,-0.1004427941590054
matched_abs_COCO_val2014_000000220739.jpg,val2014/COCO_val2014_000000220739.jpg,abs,image_grp2,-0.11181974975154295
matched_con_COCO_val2014_000000220739.jpg,val2014/COCO_val2014_000000220739.jpg,con,image_grp1,0.44256126281411456
matched_con_COCO_val2014_000000220739.jpg,val2014/COCO_val2014_000000220739.jpg,con,image_grp2,0.453557910405249
matched_abs_COCO_val2014_000000320743.jpg,val2014/COCO_val2014_000000320743.jpg,abs,image_grp1,0.29060245483768854
matched_abs_COCO_val2014_000000320743.jpg,val2014/COCO_val2014_000000320743.jpg,abs,image_grp2,0.2438233277577635
matched_con_COCO_val2014_000000320743.jpg,val2014/COCO_val2014_000000320743.jpg,con,image_grp1,0.0961552578822804
matched_con_COCO_val2014_000000320743.jpg,val2014/COCO_val2014_000000320743.jpg,con,image_grp2,0.16551159959767378
matched_abs_COCO_val2014_000000098658.jpg,val2014/COCO_val2014_000000098658.jpg,abs,image_grp1,0.2377097411553362
matched_abs_COCO_val2014_000000098658.jpg,val2014/COCO_val2014_000000098658.jpg,abs,image_grp2,0.11446364806827368
matched_con_COCO_val2014_000000098658.jpg,val2014/COCO_val2014_000000098658.jpg,con,image_grp1,0.1701320804861976
matched_con_COCO_val2014_000000098658.jpg,val2014/COCO_val2014_000000098658.jpg,con,image_grp2,0.07893794253131425
